url_path,views_total,views_unique
/demichie/OpenPDAC-12/tree/main/run/synthTopo/org.0,9,1
/demichie/OpenPDAC-12/tree/main/run/Valentine2020_twoP/org.0,9,1
/demichie/OpenPDAC-12/tree/main/run/flow_wave/org.0,6,1
/demichie/OpenPDAC-12/tree/main,5,2
/demichie/OpenPDAC-12,4,3
/demichie/OpenPDAC-12/tree/main/applications,4,2
/demichie/OpenPDAC-12/tree/main/applications/utilities/topoGrid,4,2
/demichie/OpenPDAC-12/blob/main/run/Valentine2020_twoP/org.0/U.particles1.run,3,1
/demichie/OpenPDAC-12/tree/main/run,3,1
/demichie/OpenPDAC-12/tree/main/run/flow_wave,3,1
